"End of Period","Credit Number","Region","Country / Economy Code","Country / Economy","Borrower","Credit Status","Service Charge Rate","Currency of Commitment","Project ID","Project Name","Original Principal Amount (US$)","Cancelled Amount (US$)","Undisbursed Amount (US$)","Disbursed Amount (US$)","Repaid to IDA (US$)","Due to IDA (US$)","Exchange Adjustment (US$)","Borrowers Obligation (US$)","Sold 3rd Party (US$)","Repaid 3rd Party (US$)","Due 3rd Party (US$)","Credits Held (US$)","First Repayment Date","Last Repayment Date","Agreement Signing Date","Board Approval Date","Effective Date (Most Recent)","Closed Date (Most Recent)","Last Disbursement Date"
"2024-09-30","IDA01010","EASTERN AND SOUTHERN AFRICA","UG","Uganda","Ministry of Finance, Planning & Eco. Dev","Fully Repaid","0.75","USD","P002895","EDUCATION I","11879480.31","615206.08","0","11264274.23","11264274.23","0","0","0","0","0","0","0","1977-09-01","2017-03-01","1967-04-21","1967-04-18","1967-05-24","1973-06-30",""
"2024-09-30","IDA01080","EASTERN AND SOUTHERN AFRICA","UG","Uganda","Ministry of Finance, Planning & Eco. Dev","Fully Repaid","0.75","USD","P002897","ROADS","5916087.94","547580.98","0","5368506.96","5368506.96","0","0","0","0","0","0","0","1977-10-01","2017-04-01","1967-07-28","1967-07-20","1967-08-10","1975-06-30",""
"2024-09-30","IDA01090","EASTERN AND SOUTHERN AFRICA","UG","Uganda","Ministry of Finance, Planning & Eco. Dev","Fully Repaid","0.75","USD","P002896","TEA GROWERS CORP.","4025707.97","268987.55","0","3756720.42","3756720.42","0","0","0","0","0","0","0","1977-08-01","2017-02-01","1967-09-15","1967-09-12","1968-01-31","1972-06-30",""
"2024-09-30","IDA01300","EASTERN AND SOUTHERN AFRICA","UG","Uganda","Ministry of Finance, Planning & Eco. Dev","Fully Repaid","0.75","USD","P002898","BEEF RANCHING","3498437.3","348477.54","0","3149959.76","3149959.76","0","0","0","0","0","0","0","1978-09-15","2018-03-15","1968-10-05","1968-09-24","1969-01-21","1973-12-31",""
"2024-09-30","IDA01640","EASTERN AND SOUTHERN AFRICA","UG","Uganda","Ministry of Finance, Planning & Eco. Dev","Fully Repaid","0.75","USD","P002899","ROADS II","13032534.16","0","0","13032534.16","13032534.16","0","0","0","0","0","0","0","1980-03-15","2019-09-15","1969-09-29","1969-09-23","1969-12-01","1980-06-30",""
"2024-09-30","IDA02120","EASTERN AND SOUTHERN AFRICA","UG","Uganda","Ministry of Finance, Planning & Eco. Dev","Fully Repaid","0.75","USD","P002900","TOBACCO FARMING","4158804.98","0","0","4158804.98","4158804.98","0","0","0","0","0","0","0","1980-09-15","2020-03-15","1970-07-24","1970-07-21","1971-07-28","1975-12-31",""
"2024-09-30","IDA02580","EASTERN AND SOUTHERN AFRICA","UG","Uganda","Ministry of Finance, Planning & Eco. Dev","Fully Repaid","0.75","USD","P002901","EDUCATION II","7300000","1290.61","0","7298709.39","7298709.39","0","0","0","0","0","0","0","1981-09-15","2021-03-15","1971-06-23","1971-06-17","1971-10-26","1981-12-31",""
"2024-09-30","IDA09830","EASTERN AND SOUTHERN AFRICA","UG","Uganda","Ministry of Finance, Planning & Eco. Dev","Fully Repaid","0.75","USD","P002902","RECONSTRUCTION CREDI","72500000","0","0","72500000","55000000","0","0","0","17500000","17500000","0","0","1990-06-01","2029-12-01","1980-04-02","1980-02-19","1980-05-01","1982-12-31",""
"2024-09-30","IDA10770","EASTERN AND SOUTHERN AFRICA","UG","Uganda","Ministry of Finance, Planning & Eco. Dev","Fully Repaid","0.75","XDR","P002904","TECHNICAL ASSISTANCE","8000000","0","0","6672067.04","8547485.64","0","0","0","0","0","0","0","1991-06-01","2030-12-01","1981-01-21","1980-12-02","1981-03-26","1985-12-31",""
"2024-09-30","IDA11100","EASTERN AND SOUTHERN AFRICA","UG","Uganda","Ministry of Finance, Planning & Eco. Dev","Fully Repaid","0.75","XDR","P002903","WATER ENGR.","9000000","0","0","7660444.18","9480223.21","0.01","0","0.01","0","0","0","0.01","1991-07-01","2031-01-01","1981-05-07","1981-03-17","1981-10-05","1987-01-31",""
"2024-09-30","IDA12280","EASTERN AND SOUTHERN AFRICA","UG","Uganda","Ministry of Finance, Planning & Eco. Dev","Fully Repaid","0.75","XDR","P002906","PHOSPHATE ENGR.","4000000","79631.92","0","3623633.95","4578810.04","0","0","0","0","0","0","0","1992-07-01","2032-01-01","1982-06-14","1982-04-13","1982-09-02","1985-10-31",""
"2024-09-30","IDA12480","EASTERN AND SOUTHERN AFRICA","UG","Uganda","Ministry of Finance, Planning & Eco. Dev","Fully Repaid","0.75","XDR","P002905","IDF I","35000000","120.81","0","38779976.28","42053636.58","-0.01","0","-0.01","0","0","0","-0.01","1992-10-01","2032-04-01","1982-06-29","1982-05-18","1982-09-16","1992-06-30","1992-10-31"
"2024-09-30","IDA12520","EASTERN AND SOUTHERN AFRICA","UG","Uganda","Ministry of Finance, Planning & Eco. Dev","Fully Repaid","0.75","XDR","P002907","RECONS.CR.II","70000000","0","0","65009995.1","91619785.81","0","0","0","0","0","0","0","1992-08-15","2032-02-15","1982-06-14","1982-05-25","1982-07-28","1985-06-30",""
"2024-09-30","IDA13280","EASTERN AND SOUTHERN AFRICA","UG","Uganda","Ministry of Finance, Planning & Eco. Dev","Fully Repaid","0.75","XDR","P002908","AGRIC. REHAB.","70000000","3865685.71","0","73478647.89","87576483.47","0","0","0","0","0","0","0","1993-08-01","2033-02-01","1983-03-11","1983-02-24","1983-07-20","1992-06-30","1995-03-03"
"2024-09-30","IDA13290","EASTERN AND SOUTHERN AFRICA","UG","Uganda","Ministry of Finance, Planning & Eco. Dev","Fully Repaid","0.75","XDR","P002910","EDUC.III","32000000","0","0","32305848.86","38830144.55","0","0","0","0","0","0","0","1993-03-01","2032-09-01","1983-03-11","1983-02-24","1983-07-01","1988-12-31","1989-04-11"
"2024-09-30","IDA13670","EASTERN AND SOUTHERN AFRICA","UG","Uganda","Ministry of Finance, Planning & Eco. Dev","Fully Repaid","0.75","XDR","P002909","TELECOM.","22000000","0","0","21039501.13","29783530.12","0","0","0","0","0","0","0","1993-10-15","2033-04-15","1983-07-08","1983-05-17","1983-10-11","1987-06-30",""
"2024-09-30","IDA14340","EASTERN AND SOUTHERN AFRICA","UG","Uganda","Ministry of Finance, Planning & Eco. Dev","Fully Repaid","0.75","XDR","P002913","TAS.II","15000000","2365.86","0","18298774.86","20747325.94","0","0","0","0","0","0","0","1994-03-01","2033-09-01","1984-03-08","1983-12-22","1984-04-27","1992-06-30","1992-08-26"
"2024-09-30","IDA14450","EASTERN AND SOUTHERN AFRICA","UG","Uganda","Ministry of Finance, Planning & Eco. Dev","Fully Repaid","0.75","XDR","P002912","THIRD HIGHWAY","58000000","6741832.31","0","64678383.2","72452244.44","0","0","0","0","0","0","0","1994-08-01","2034-02-01","1984-04-19","1984-03-13","1984-12-27","1992-01-31","1993-02-28"
"2024-09-30","IDA14740","EASTERN AND SOUTHERN AFRICA","UG","Uganda","Ministry of Finance, Planning & Eco. Dev","Fully Repaid","0.75","XDR","P002911","RECONSTRUCTION III","50000000","0","0","50247607.79","68989978.43","0","0","0","0","0","0","0","1994-09-01","2034-03-01","1984-06-08","1984-05-15","1984-11-30","1987-09-30","1990-09-05"
"2024-09-30","IDA15100","EASTERN AND SOUTHERN AFRICA","UG","Uganda","Ministry of Finance, Planning & Eco. Dev","Fully Repaid","0.75","XDR","P002918","WATER SUPPLY","28000000","14559.8","0","33342859.21","39289842.8","0","0","0","0","0","0","0","1994-08-01","2034-02-01","1984-11-28","1984-07-19","1985-02-26","1989-09-30","1993-05-10"
"2024-09-30","IDA15390","EASTERN AND SOUTHERN AFRICA","UG","Uganda","Ministry of Finance, Planning & Eco. Dev","Fully Repaid","0.75","XDR","P002914","AGRI.DEVEL.IFAD II","10000000","858533.88","0","12347395.8","13359257.53","0","0","0","0","0","0","0","1995-05-15","2034-11-15","1985-02-12","1985-01-08","1986-05-08","1993-09-30","1994-02-11"
"2024-09-30","IDA15600","EASTERN AND SOUTHERN AFRICA","UG","Uganda","Ministry of Finance, Planning & Eco. Dev","Fully Repaid","0.75","XDR","P002917","POWER II","28800000","0","0","40168407.18","43124034.94","-0.01","0","-0.01","0","0","0","-0.01","1995-05-01","2034-11-01","1985-05-30","1985-03-19","1986-06-26","1993-12-31","1994-04-28"
"2024-09-30","IDA15610","EASTERN AND SOUTHERN AFRICA","UG","Uganda","Ministry of Finance, Planning & Eco. Dev","Fully Repaid","0.75","XDR","P002915","PETRO.EXPL.PROMOT.","5100000","609787.41","0","6238263.79","6692677.71","0","0","0","0","0","0","0","1995-05-01","2034-11-01","1985-05-30","1985-03-19","1985-08-29","1993-12-31","1994-05-10"
"2024-09-30","IDA18030","EASTERN AND SOUTHERN AFRICA","UG","Uganda","Ministry of Finance, Planning & Eco. Dev","Fully Repaid","0.75","XDR","P002936","HIGHWAYS IV","18000000","1295293.47","0","17414115.5","19121937.45","0","0","0","0","0","0","0","1997-08-15","2037-02-15","1987-05-29","1987-05-21","1987-09-11","1994-12-31","1995-04-11"
"2024-09-30","IDA18240","EASTERN AND SOUTHERN AFRICA","UG","Uganda","Ministry of Finance, Planning & Eco. Dev","Fully Repaid","0.75","XDR","P002937","FORESTRY/FUELWOOD","13000000","0","0","13775478.22","14615212.72","0","0","0","0","0","0","0","1997-11-15","2037-05-15","1987-07-06","1987-06-17","1988-01-11","1994-12-31","1995-05-25"
"2024-09-30","IDA18440","EASTERN AND SOUTHERN AFRICA","UG","Uganda","Ministry of Finance, Planning & Eco. Dev","Fully Repaid","0.75","XDR","P002939","ECONOMIC RECOVERY CR.","65000000","0","0","67110072.64","73960635.98","0","0","0","0","0","0","0","1997-11-15","2027-05-15","1987-09-30","1987-09-15","1987-10-13","1991-06-30","1991-08-15"
"2024-09-30","IDA18441","EASTERN AND SOUTHERN AFRICA","UG","Uganda","Ministry of Finance, Planning & Eco. Dev","Fully Repaid","0.75","XDR","P002939","ECONOMIC RECOVERY CR.","1700000","0","0","1629862","1889102.32","0","0","0","0","0","0","0","1997-11-15","2027-05-15","1989-03-31","1989-03-13","1989-05-11","1990-03-31","1989-07-05"
"2024-09-30","IDA18442","EASTERN AND SOUTHERN AFRICA","UG","Uganda","Ministry of Finance, Planning & Eco. Dev","Fully Repaid","0.75","XDR","P002939","ECONOMIC RECOVERY CR.","25000000","0","0","24425261.03","27609956.64","0","0","0","0","0","0","0","1997-11-15","2027-05-15","1989-04-26","1989-04-20","1989-05-11","1992-03-31","1992-03-04"
"2024-09-30","IDA18443","EASTERN AND SOUTHERN AFRICA","UG","Uganda","Ministry of Finance, Planning & Eco. Dev","Fully Repaid","0.75","XDR","P002939","ECONOMIC RECOVERY CR.","1500000","0","0","1588285.51","1743813.88","0","0","0","0","0","0","0","1997-11-15","2027-05-15","1989-11-27","1989-10-12","1990-01-03","1991-06-30","1992-06-14"
"2024-09-30","IDA18690","EASTERN AND SOUTHERN AFRICA","UG","Uganda","Ministry of Finance, Planning & Eco. Dev","Fully Repaid","0.75","XDR","P002948","SWEST AG REHAB","10000000","714430.29","0","10077401.37","10259057.81","-0.01","0","-0.01","0","0","0","-0.01","1998-04-15","2027-10-15","1988-02-09","1988-01-12","1988-08-26","1996-02-29","1996-07-23"
"2024-09-30","IDA18930","EASTERN AND SOUTHERN AFRICA","UG","Uganda","Ministry of Finance, Planning & Eco. Dev","Fully Repaid","0.75","XDR","P002921","SUGAR REHAB.","24900000","216138.34","0","26542002.39","27265139.03","-0.01","0","-0.01","0","0","0","-0.01","1998-09-15","2028-03-15","1988-05-11","1988-03-31","1988-10-07","1995-03-31","1995-11-06"
"2024-09-30","IDA19340","EASTERN AND SOUTHERN AFRICA","UG","Uganda","Ministry of Finance, Planning & Eco. Dev","Fully Repaid","0.75","XDR","P002950","FIRST HEALTH","42500000","2637638.92","0","40479477.97","42054738.77","0","0","0","0","0","0","0","1998-12-01","2028-06-01","1988-07-11","1988-06-23","1988-12-09","1996-03-31","1996-09-25"
"2024-09-30","IDA19510","EASTERN AND SOUTHERN AFRICA","UG","Uganda","Ministry of Finance, Planning & Eco. Dev","Fully Repaid","0.75","XDR","P002945","T.A. III","18000000","0","0","18983013.86","20089251.6","0","0","0","0","0","0","0","1999-02-15","2028-08-15","1988-11-14","1988-08-23","1989-05-11","1995-12-31","1994-05-26"
"2024-09-30","IDA19620","EASTERN AND SOUTHERN AFRICA","UG","Uganda","Ministry of Finance, Planning & Eco. Dev","Fully Repaid","0.75","XDR","P002954","PUBLIC ENTERPRISES","15000000","3091737.54","0","12725071.06","13520836.1","-0.02","0","-0.02","0","0","0","-0.02","1999-04-15","2028-10-15","1988-12-02","1988-11-08","1989-05-11","1995-05-31","1995-08-30"
"2024-09-30","IDA19650","EASTERN AND SOUTHERN AFRICA","UG","Uganda","Ministry of Finance, Planning & Eco. Dev","Fully Repaid","0.75","XDR","P002931","EDUC.IV","22000000","6682280.49","0","15804678.96","17337309.81","0","0","0","0","0","0","0","1999-05-15","2028-11-15","1988-12-09","1988-11-15","1989-05-12","1994-06-30","1994-10-12"
"2024-09-30","IDA19860","EASTERN AND SOUTHERN AFRICA","UG","Uganda","Ministry of Finance, Planning & Eco. Dev","Fully Repaid","0.75","XDR","P002961","RAILWAYS I","7000000","1398446.43","0","5772972.57","6062915.66","-0.05","0","-0.05","0","0","0","-0.05","1999-08-01","2029-02-01","1989-03-10","1989-02-21","1989-11-08","1993-06-30","1993-11-16"
"2024-09-30","IDA19910","EASTERN AND SOUTHERN AFRICA","UG","Uganda","Ministry of Finance, Planning & Eco. Dev","Fully Repaid","0.75","XDR","P002920","TELEC.II","52300000","2551225.76","0","50999684.48","53114245.18","0.05","0","0.05","0","0","0","0.05","1999-07-15","2029-01-15","1989-12-20","1989-03-14","1990-06-05","1995-12-31","1996-04-24"
"2024-09-30","IDA20870","EASTERN AND SOUTHERN AFRICA","UG","Uganda","Ministry of Finance, Planning & Eco. Dev","Fully Repaid","0.75","XDR","P002949","ECONOMIC RECOVERY II","125000000","0","0","133314431.37","143126322.53","0","0","0","0","0","0","0","2000-06-01","2029-12-01","1990-02-08","1990-02-01","1990-02-20","1993-06-30","1993-10-28"
"2024-09-30","IDA20871","EASTERN AND SOUTHERN AFRICA","UG","Uganda","Ministry of Finance, Planning & Eco. Dev","Fully Repaid","0.75","XDR","P002949","ECONOMIC RECOVERY II","2000000","0","0","2010958.38","2188467.73","0","0","0","0","0","0","0","2000-06-01","2029-12-01","1990-11-07","1990-11-06","1990-12-05","1991-11-07","1991-05-21"
"2024-09-30","IDA20872","EASTERN AND SOUTHERN AFRICA","UG","Uganda","Ministry of Finance, Planning & Eco. Dev","Fully Repaid","0.75","XDR","P002949","ECONOMIC RECOVERY II","1600000","0","0","1667177.55","1750773.98","0","0","0","0","0","0","0","2000-06-01","2029-12-01","1992-01-09","1991-11-26","1992-10-08","1993-01-09","1993-02-09"
"2024-09-30","IDA20880","EASTERN AND SOUTHERN AFRICA","UG","Uganda","Ministry of Finance, Planning & Eco. Dev","Fully Repaid","0.75","XDR","P002966","POVERTY & SOC COSTS","28000000","83464.16","0","31071601.72","31982329.99","0","0","0","0","0","0","0","2000-02-01","2029-08-01","1990-02-08","1990-02-01","1990-06-29","1995-09-30","1996-09-11"
"2024-09-30","IDA21240","EASTERN AND SOUTHERN AFRICA","UG","Uganda","Ministry of Finance, Planning & Eco. Dev","Fully Repaid","0.75","XDR","P002969","WATER SUPPLY II","60000000","24140.06","0","64064014.57","65788278.72","-0.01","0","-0.01","0","0","0","-0.01","2000-08-01","2030-02-01","1990-04-24","1990-04-12","1991-01-23","1998-06-30","1999-02-25"
"2024-09-30","IDA21760","EASTERN AND SOUTHERN AFRICA","UG","Uganda","Ministry of Finance, Planning & Eco. Dev","Fully Repaid","0.75","XDR","P002930","LIVESTOCK","21000000","3700409.78","0","18780568.37","19369370.42","0.01","0","0.01","0","0","0","0.01","2000-12-01","2030-06-01","1990-11-07","1990-09-11","1991-11-04","1998-09-30","1999-06-24"
"2024-09-30","IDA21900","EASTERN AND SOUTHERN AFRICA","UG","Uganda","Ministry of Finance, Planning & Eco. Dev","Fully Repaid","0.75","XDR","P002960","AG SECTOR ADJ CREDIT","100000000","1653823.01","0","97028257.61","99837875.39","0.01","0","0.01","0","0","0","0.01","2001-04-15","2030-10-15","1990-12-19","1990-12-13","1991-01-03","1996-12-31","1997-09-23"
"2024-09-30","IDA22060","EASTERN AND SOUTHERN AFRICA","UG","Uganda","Ministry of Finance, Planning & Eco. Dev","Fully Repaid","0.75","XDR","P002933","URBAN I","28700000","339647.92","0","29075247.07","29877571.98","-0.01","0","-0.01","0","0","0","-0.01","2001-04-15","2030-10-15","1991-03-12","1991-01-22","1991-11-11","2000-06-30","2001-01-12"
"2024-09-30","IDA22680","EASTERN AND SOUTHERN AFRICA","UG","Uganda","Ministry of Finance, Planning & Eco. Dev","Fully Repaid","0.75","XDR","P002929","UG POWER III","125000000","34689.56","0","121153927.06","127084363.13","-0.03","0","-0.03","0","0","0","-0.03","2001-08-15","2031-02-15","1992-01-09","1991-06-13","1992-10-08","2001-12-31","2002-06-18"
"2024-09-30","IDA22681","EASTERN AND SOUTHERN AFRICA","UG","Uganda","Ministry of Finance, Planning & Eco. Dev","Fully Repaid","0.75","XDR","P002929","UG POWER III","33000000","7851572.7","0","23743448.04","26722226.97","0","0","0","0","0","0","0","2001-08-15","2031-02-15","2000-02-22","2000-01-20","2000-03-21","2001-12-31","2002-04-30"
"2024-09-30","IDA23140","EASTERN AND SOUTHERN AFRICA","UG","Uganda","Ministry of Finance, Planning & Eco. Dev","Fully Repaid","0.75","XDR","P002947","SAC I","125000000","0","0","129927007.94","134566563.71","0","0","0","0","0","0","0","2002-03-01","2031-09-01","1991-12-12","1991-12-03","1992-01-03","1994-07-31","1994-09-28"
"2024-09-30","IDA23141","EASTERN AND SOUTHERN AFRICA","UG","Uganda","Ministry of Finance, Planning & Eco. Dev","Fully Repaid","0.75","XDR","P002947","SAC I","1400000","0","0","1374246.4","1478914.29","0.02","0","0.02","0","0","0","0.02","2002-03-01","2031-09-01","1993-01-08","1992-12-23","1993-02-05","1994-01-08","1993-02-09"
"2024-09-30","IDA23150","EASTERN AND SOUTHERN AFRICA","UG","Uganda","Ministry of Finance, Planning & Eco. Dev","Fully Repaid","0.75","XDR","P002968","ENTERPRISE DEVELOPMENT","65600000","24240118.29","0","43628365.46","45530101.42","-0.04","0","-0.04","0","0","0","-0.04","2002-03-15","2031-09-15","1992-01-09","1991-12-03","1992-09-17","2000-06-30","2001-02-14"
"2024-09-30","IDA23620","EASTERN AND SOUTHERN AFRICA","UG","Uganda","Ministry of Finance, Planning & Eco. Dev","Fully Repaid","0.75","XDR","P002981","Northern Uganda Social Action Fund","71200000","0","0","74452277.03","76125631.28","0","0","0","0","0","0","0","2002-10-01","2032-04-01","1992-06-12","1992-05-05","1992-12-09","1998-09-30","1999-03-05"
"2024-09-30","IDA24180","EASTERN AND SOUTHERN AFRICA","UG","Uganda","Ministry of Finance, Planning & Eco. Dev","Fully Repaid","0.75","XDR","P002975","ECON & FINANCIAL MAN","29000000","1653.1","0","30330216.26","31093861.36","0.02","0","0.02","0","0","0","0.02","2002-10-01","2032-04-01","1992-09-22","1992-08-04","1992-10-26","1999-06-30","1999-10-14"
"2024-09-30","IDA24240","EASTERN AND SOUTHERN AFRICA","UG","Uganda","Ministry of Finance, Planning & Eco. Dev","Fully Repaid","0.75","XDR","P002991","UG:AGRIC. EXTENSION PROGRAM","15790000","122615.95","0","15601801.85","16022708.03","-0.01","0","-0.01","0","0","0","-0.01","2003-03-01","2032-09-01","1993-03-26","1992-09-29","1993-06-18","1998-12-31","1999-07-27"
"2024-09-30","IDA24460","EASTERN AND SOUTHERN AFRICA","UG","Uganda","Ministry of Finance, Planning & Eco. Dev","Fully Repaid","0.75","XDR","P002938","AGRIC. RES & TRG. PHASE I","25040000","58608.13","0","25186932.25","26069474.28","-0.02","0","-0.02","0","0","0","-0.02","2003-03-01","2032-09-01","1993-03-26","1992-12-15","1993-08-31","2000-09-30","2001-05-30"
"2024-09-30","IDA24930","EASTERN AND SOUTHERN AFRICA","UG","Uganda","Ministry of Finance, Planning & Eco. Dev","Fully Repaid","0.75","XDR","P002953","PRIMARY EDUC. & TEAC","52600000","558365.04","0","52085061.75","55246870.96","-0.03","0","-0.03","0","0","0","-0.03","2003-08-15","2033-02-15","1993-06-22","1993-05-13","1993-11-10","2001-06-30","2001-11-20"
"2024-09-30","IDA24960","EASTERN AND SOUTHERN AFRICA","UG","Uganda","Ministry of Finance, Planning & Eco. Dev","Fully Repaid","0.75","XDR","P002962","FINAN SECT ADJUST CR","100000000","968691.94","0","101737591.72","105941776.1","0","0","0","0","0","0","0","2003-08-15","2033-02-15","1993-06-22","1993-05-20","1993-08-26","1997-06-30","1998-05-29"
"2024-09-30","IDA24961","EASTERN AND SOUTHERN AFRICA","UG","Uganda","Ministry of Finance, Planning & Eco. Dev","Fully Repaid","0.75","XDR","P002962","FINAN SECT ADJUST CR","1050000","0","0","1100981.18","1116803.95","0","0","0","0","0","0","0","2003-08-15","2033-02-15","1994-03-24","1994-01-14","1994-08-10","1995-03-24","1995-01-06"
"2024-09-30","IDA25830","EASTERN AND SOUTHERN AFRICA","UG","Uganda","Ministry of Finance, Planning & Eco. Dev","Fully Repaid","0.75","XDR","P002957","UG-Small Towns Water (BD FY94)","42300000","484669.7","0","40939706.01","44190660.5","0.03","0","0.03","0","0","0","0.03","2004-06-01","2033-12-01","1994-05-03","1994-03-17","1995-08-01","2003-06-30","2004-07-29"
"2024-09-30","IDA25870","EASTERN AND SOUTHERN AFRICA","UG","Uganda","Ministry of Finance, Planning & Eco. Dev","Fully Repaid","0.75","XDR","P002923","TRANSPORT REHABILITATION PROJECT","75000000","21232420.82","0","53329969.18","57429905.98","-0.01","0","-0.01","0","0","0","-0.01","2004-08-01","2034-02-01","1994-05-03","1994-03-25","1994-11-29","2000-12-31","2001-08-13"
"2024-09-30","IDA26030","EASTERN AND SOUTHERN AFRICA","UG","Uganda","Ministry of Finance, Planning & Eco. Dev","Fully Repaid","0.75","XDR","P002963","Sexually Transmitted Infections","50000000","302249.37","0","48880768.76","53034565.12","0.01","0","0.01","0","0","0","0.01","2004-08-01","2034-02-01","1994-05-03","1994-04-12","1994-07-22","2002-12-31","2004-05-19"
"2024-09-30","IDA26080","EASTERN AND SOUTHERN AFRICA","UG","Uganda","Ministry of Finance, Planning & Eco. Dev","Fully Repaid","0.75","XDR","P002967","SAC II","80000000","0","0","85735945.09","84988177.85","0","0","0","0","0","0","0","2004-11-01","2034-05-01","1994-06-22","1994-05-10","1994-11-18","1995-12-31","1996-03-27"
"2024-09-30","IDA26081","EASTERN AND SOUTHERN AFRICA","UG","Uganda","Ministry of Finance, Planning & Eco. Dev","Fully Repaid","0.75","XDR","P002967","SAC II","600000","0","0","592006.79","588153.48","0","0","0","0","0","0","0","2004-11-01","2034-05-01","1995-03-28","1994-12-08","1995-06-01","1996-03-28","1996-03-27"
"2024-09-30","IDA26090","EASTERN AND SOUTHERN AFRICA","UG","Uganda","Ministry of Finance, Planning & Eco. Dev","Fully Repaid","0.75","XDR","P002977","Cotton Subsector Development Project","14000000","69626.87","0","13775402.67","14625775.42","0.01","0","0.01","0","0","0","0.01","2004-08-01","2034-02-01","1994-06-22","1994-05-10","1994-11-18","2001-12-31","2002-11-27"
"2024-09-30","IDA26790","EASTERN AND SOUTHERN AFRICA","UG","Uganda","Ministry of Finance, Planning & Eco. Dev","Fully Repaid","0.75","XDR","P002971","District Health","45000000","1116890.04","0","40505319.42","44298294.01","-0.02","0","-0.02","0","0","0","-0.02","2005-03-01","2034-09-01","1995-04-19","1995-02-07","1995-07-17","2002-12-31","2004-05-19"
"2024-09-30","IDA27360","EASTERN AND SOUTHERN AFRICA","UG","Uganda","Ministry of Finance, Planning & Eco. Dev","Fully Repaid","0.75","XDR","P002976","INST. CAPACITY BLDG","36400000","620491.04","0","33427467.19","36112049.92","0","0","0","0","0","0","0","2005-09-01","2035-03-01","1995-06-09","1995-06-01","1995-08-01","2002-06-30","2003-10-24"
"2024-09-30","IDA27770","EASTERN AND SOUTHERN AFRICA","UG","Uganda","Ministry of Finance, Planning & Eco. Dev","Fully Repaid","0.75","XDR","P002978","EMCBP","11800000","990077.79","0","9326675.88","10097267.08","0.01","0","0.01","0","0","0","0.01","2006-03-01","2035-09-01","1995-11-10","1995-09-14","1996-02-14","2001-06-30","2002-01-08"
"2024-09-30","IDA27980","EASTERN AND SOUTHERN AFRICA","UG","Uganda","Ministry of Finance, Planning & Eco. Dev","Fully Repaid","0.75","XDR","P035634","PRIV. SECTOR COMPETI","12300000","3421034.31","0","8058302","8805137.86","0","0","0","0","0","0","0","2006-03-01","2035-09-01","1996-01-30","1995-12-14","1996-02-14","2002-12-31","2003-11-12"
"2024-09-30","IDA28450","EASTERN AND SOUTHERN AFRICA","UG","Uganda","Ministry of Finance, Planning & Eco. Dev","Fully Cancelled","0.75","XDR","P037582","AG SEC MGT PROJECT","17900000","17900000","0","0","0","0","0","0","0","0","0","0","2006-10-01","2036-04-01","1996-05-02","1996-04-16","","2001-12-31",""
"2024-09-30","IDA29090","EASTERN AND SOUTHERN AFRICA","UG","Uganda","Ministry of Finance, Planning & Eco. Dev","Fully Cancelled","0.75","XDR","P046836","UG-Lake Victoria Env SIL (FY97)","673.03","673.03","0","0","0","0","0","0","0","0","0","0","2006-09-01","2036-03-01","1996-09-10","1996-07-30","1997-03-05","2005-12-31","2004-04-02"
"2024-09-30","IDA29091","EASTERN AND SOUTHERN AFRICA","UG","Uganda","Ministry of Finance, Planning & Eco. Dev","Repaying","0.75","XDR","P046836","UG-Lake Victoria Env SIL (FY97)","4500000","489508.51","0","4737054.01","1344034.74","3046268.93","0","3046268.93","0","0","0","3046268.93","2012-09-01","2042-03-01","2002-11-22","2002-07-09","2003-12-17","2005-12-31","2007-02-27"
"2024-09-30","IDA2909A","EASTERN AND SOUTHERN AFRICA","UG","Uganda","Ministry of Finance, Planning & Eco. Dev","Fully Repaid","0.75","XDR","P046836","UG-Lake Victoria Env SIL (FY97)","12099326.97","0","0","12040982.21","12347061.19","0","0","0","0","0","0","0","2006-09-01","2036-03-01","1996-09-10","1996-07-30","1997-03-05","2005-12-31",""
"2024-09-30","IDA29870","EASTERN AND SOUTHERN AFRICA","UG","Uganda","Ministry of Finance, Planning & Eco. Dev","Repaying","0.75","XDR","P049543","UG-Road Sec & Inst Supt (FY98)","14894304.35","666980.78","-0.01","14227323.5721","7026082.6","7218077.21","0","7218077.21","0","0","0","7218077.2","2008-03-01","2037-09-01","1998-03-09","1997-09-09","1998-08-27","2007-12-31","2008-09-25"
"2024-09-30","IDA2987A","EASTERN AND SOUTHERN AFRICA","UG","Uganda","Ministry of Finance, Planning & Eco. Dev","Fully Repaid","0.75","XDR","P049543","UG-Road Sec & Inst Supt (FY98)","15105695.65","0","0","15591216.88","15987542","0","0","0","0","0","0","0","2008-03-01","2037-09-01","1998-03-09","1997-09-09","1998-08-27","2007-12-31",""
"2024-09-30","IDA30490","EASTERN AND SOUTHERN AFRICA","UG","Uganda","Ministry of Finance, Planning & Eco. Dev","Fully Repaid","0.75","XDR","P002972","UG EDUC SECTOR ADJ CRED","80000000","0","0","78045136","87022224","0","0","0","0","0","0","0","2008-09-15","2038-03-15","1998-04-15","1998-03-24","1998-06-12","2000-12-31","2000-09-21"
"2024-09-30","IDA30520","EASTERN AND SOUTHERN AFRICA","UG","Uganda","Ministry of Finance, Planning & Eco. Dev","Repaying","0.75","XDR","P040551","UG-Child Nutrition Dev SIL (FY98)","197513.64","28470.38","0","169043.2644","78181.4","94238.72","0","94238.72","0","0","0","94238.72","2008-09-15","2038-03-15","1998-04-15","1998-03-24","1998-11-13","2005-06-30","2008-11-05"
"2024-09-30","IDA3052A","EASTERN AND SOUTHERN AFRICA","UG","Uganda","Ministry of Finance, Planning & Eco. Dev","Fully Repaid","0.75","XDR","P040551","UG-Child Nutrition Dev SIL (FY98)","33802486.36","0","0","35581590.75","36535765.35","0","0","0","0","0","0","0","2008-09-15","2038-03-15","1998-04-15","1998-03-24","1998-11-13","2005-06-30",""
"2024-09-30","IDA30640","EASTERN AND SOUTHERN AFRICA","UG","Uganda","Ministry of Finance, Planning & Eco. Dev","Repaying","0.75","XDR","P057007","UG EL NINO EMERG RD REP","22096472.16","21276132.59","0","820339.5727","398721.81","446303.98","0","446303.98","0","0","0","446303.98","2008-09-01","2038-03-01","1998-05-14","1998-05-07","1998-07-13","2004-01-31","2004-08-05"
"2024-09-30","IDA3064A","EASTERN AND SOUTHERN AFRICA","UG","Uganda","Ministry of Finance, Planning & Eco. Dev","Fully Repaid","0.75","XDR","P057007","UG EL NINO EMERG RD REP","5503527.84","0","0","5859934.1","6008892.27","0","0","0","0","0","0","0","2008-09-01","2038-03-01","1998-05-14","1998-05-07","1998-07-13","2004-01-31",""
"2024-09-30","IDA31150","EASTERN AND SOUTHERN AFRICA","UG","Uganda","Ministry of Finance, Planning & Eco. Dev","Fully Repaid","0.75","XDR","P002941","ICB-PAMSU","12370000","28661.7","0","12026973.01","13345732.68","0","0","0","0","0","0","0","2008-09-01","2038-03-01","1998-10-21","1998-07-09","1999-03-25","2002-12-31","2003-05-13"
"2024-09-30","IDA32030","EASTERN AND SOUTHERN AFRICA","UG","Uganda","Ministry of Finance, Planning & Eco. Dev","Repaying","0.75","XDR","P059223","UG-Nakivubo Channel Rehab SIl (FY99)","5922343.43","593442","0","5328901.4337","2343077.26","3090805.56","0","3090805.56","0","0","0","3090805.56","2009-09-01","2039-03-01","1999-06-17","1999-05-06","1999-11-30","2004-06-30","2005-03-01"
"2024-09-30","IDA3203A","EASTERN AND SOUTHERN AFRICA","UG","Uganda","Ministry of Finance, Planning & Eco. Dev","Fully Repaid","0.75","XDR","P059223","UG-Nakivubo Channel Rehab SIl (FY99)","16457656.57","0","0","17393967.07","17836117.67","0","0","0","0","0","0","0","2009-09-01","2039-03-01","1999-06-17","1999-05-06","1999-11-30","2004-06-30",""
"2024-09-30","IDA32040","EASTERN AND SOUTHERN AFRICA","UG","Uganda","Ministry of Finance, Planning & Eco. Dev","Repaying","0.75","XDR","P059127","UG-Agr Rsrch & Training SIL 2 (FY99)","14346317.91","626.79","0","14345691.1194","5986964.27","8576512.45","0","8576512.45","0","0","0","8576512.45","2009-11-01","2039-05-01","1999-06-02","1999-05-06","1999-12-02","2009-06-30","2009-06-18"
"2024-09-30","IDA32041","EASTERN AND SOUTHERN AFRICA","UG","Uganda","Ministry of Finance, Planning & Eco. Dev","Repaying","0.75","XDR","P059127","UG-Agr Rsrch & Training SIL 2 (FY99)","12000000","340738.68","0","11778214.05","1493811.11","9066849.41","0","9066849.41","0","0","0","9066849.41","2017-11-01","2047-05-01","2008-02-20","2007-08-02","2008-05-15","2009-06-30","2009-12-02"
"2024-09-30","IDA3204A","EASTERN AND SOUTHERN AFRICA","UG","Uganda","Ministry of Finance, Planning & Eco. Dev","Fully Repaid","0.75","XDR","P059127","UG-Agr Rsrch & Training SIL 2 (FY99)","11653682.09","0","0","12526931.03","12584375.17","0","0","0","0","0","0","0","2009-11-01","2039-05-01","1999-06-02","1999-05-06","1999-12-02","2007-06-30",""
"2024-09-30","IDA32270","EASTERN AND SOUTHERN AFRICA","UG","Uganda","Ministry of Finance, Planning & Eco. Dev","Fully Cancelled","0.75","XDR","P044213","FIN MKTS ASSISTANCE","13000000","13000000","0","0","0","0","0","0","0","0","0","0","2009-09-01","2039-03-01","1999-07-06","1999-05-27","","2003-09-30",""
"2024-09-30","IDA32670","EASTERN AND SOUTHERN AFRICA","UG","Uganda","Ministry of Finance, Planning & Eco. Dev","Repaying","0.75","XDR","P002970","UG-Roads Dev APL (FY99)","55826161.16","6717.75","0","55819443.4107","24588921.02","32435082.97","0","32435082.97","0","0","0","32435082.97","2009-09-01","2039-03-01","1999-11-22","1999-06-29","2000-02-01","2008-06-30","2008-11-17"
"2024-09-30","IDA3267A","EASTERN AND SOUTHERN AFRICA","UG","Uganda","Ministry of Finance, Planning & Eco. Dev","Fully Repaid","0.75","XDR","P002970","UG-Roads Dev APL (FY99)","35153838.84","0","0","37222272.48","38168454.01","0","0","0","0","0","0","0","2009-09-01","2039-03-01","1999-11-22","1999-06-29","2000-02-01","2006-12-31",""
"2024-09-30","IDA32950","EASTERN AND SOUTHERN AFRICA","UG","Uganda","Ministry of Finance, Planning & Eco. Dev","Repaying","0.75","XDR","P002992","UG-Loc Govt Dev Prgm SIL (FY00)","15264731.79","4617840.06","0","10646891.7335","4379926.08","6286992.74","0","6286992.74","0","0","0","6286992.74","2010-03-01","2039-09-01","1999-12-22","1999-11-30","2000-06-30","2004-06-30","2004-12-21"
"2024-09-30","IDA3295A","EASTERN AND SOUTHERN AFRICA","UG","Uganda","Ministry of Finance, Planning & Eco. Dev","Fully Repaid","0.75","XDR","P002992","UG-Loc Govt Dev Prgm SIL (FY00)","65635268.21","0","0","68270585.89","70006008.35","0","0","0","0","0","0","0","2010-03-01","2039-09-01","1999-12-22","1999-11-30","2000-06-30","2004-06-30",""
"2024-09-30","IDA32970","EASTERN AND SOUTHERN AFRICA","UG","Uganda","Ministry of Finance, Planning & Eco. Dev","Repaying","0.75","XDR","P044679","UG-Econ & Fin Mgmt (FY00)","16726568.46","15405.17","0.01","16711163.2928","6874947.51","9868338.38","0","9868338.38","0","0","0","9868338.39","2010-03-01","2039-09-01","1999-12-22","1999-11-30","2000-08-01","2006-12-31","2007-07-10"
"2024-09-30","IDA32971","EASTERN AND SOUTHERN AFRICA","UG","Uganda","Ministry of Finance, Planning & Eco. Dev","Repaying","0.75","XDR","P044679","UG-Econ & Fin Mgmt (FY00)","14600000","9006.91","0","15545855.06","3502686.36","10817162.56","0","10817162.56","0","0","0","10817162.56","2014-03-01","2043-09-01","2003-11-25","2003-11-04","2004-06-17","2006-12-31","2007-07-06"
"2024-09-30","IDA3297A","EASTERN AND SOUTHERN AFRICA","UG","Uganda","Ministry of Finance, Planning & Eco. Dev","Fully Repaid","0.75","XDR","P044679","UG-Econ & Fin Mgmt (FY00)","17313431.54","0","0","18009321.12","18467113.88","0","0","0","0","0","0","0","2010-03-01","2039-09-01","1999-12-22","1999-11-30","2000-08-01","2006-12-31",""
"2024-09-30","IDA34110","EASTERN AND SOUTHERN AFRICA","UG","Uganda","Ministry of Finance, Planning & Eco. Dev","Repaying","0.75","XDR","P050439","UG-Priv & Utility Sec Reform (FY01)","32714184.43","18397492.33","0","14316692.1037","5871142.05","8918415.12","0","8918415.12","0","0","0","8918415.12","2010-10-01","2040-04-01","2000-12-18","2000-08-24","2001-01-31","2014-03-30","2006-06-30"
"2024-09-30","IDA3411A","EASTERN AND SOUTHERN AFRICA","UG","Uganda","Ministry of Finance, Planning & Eco. Dev","Fully Repaid","0.75","XDR","P050439","UG-Priv & Utility Sec Reform (FY01)","15785815.57","0","0","16941091.86","17319778.28","0","0","0","0","0","0","0","2010-10-01","2040-04-01","2000-12-18","2000-08-24","2001-01-31","2013-03-31",""
"2024-09-30","IDA34590","EASTERN AND SOUTHERN AFRICA","UG","Uganda","Ministry of Finance, Planning & Eco. Dev","Repaying","0.75","XDR","P072482","UG-HIV/AIDS Control SIL (FY01)","29973186.73","296921.25","0","29676265.4779","11174673.08","20861568.33","0","20861568.33","0","0","0","20861568.33","2011-04-01","2040-10-01","2001-02-15","2001-01-18","2001-05-14","2006-12-31","2007-06-26"
"2024-09-30","IDA3459A","EASTERN AND SOUTHERN AFRICA","UG","Uganda","Ministry of Finance, Planning & Eco. Dev","Fully Repaid","0.75","XDR","P072482","UG-HIV/AIDS Control SIL (FY01)","17526813.27","0","0","19789085.41","20231433.39","0","0","0","0","0","0","0","2011-04-01","2040-10-01","2001-02-15","2001-01-18","2001-05-14","2006-12-31",""
"2024-09-30","IDA34630","EASTERN AND SOUTHERN AFRICA","UG","Uganda","Ministry of Finance, Planning & Eco. Dev","Repaying","0.75","XDR","P044695","UG-Nat Agr Advisory Srvcs SIL (FY01)","43792205.66","416099.89","0","43376105.7662","16330312.43","30450096.67","0","30450096.67","0","0","0","30450096.67","2011-06-15","2040-12-15","2001-05-07","2001-02-15","2001-11-27","2009-12-31","2014-03-04"
"2024-09-30","IDA3463A","EASTERN AND SOUTHERN AFRICA","UG","Uganda","Ministry of Finance, Planning & Eco. Dev","Fully Repaid","0.75","XDR","P044695","UG-Nat Agr Advisory Srvcs SIL (FY01)","1207794.34","0","0","1397191.44","1392719.49","0","0","0","0","0","0","0","2011-06-15","2040-12-15","2001-05-07","2001-02-15","2001-11-27","2008-06-30",""
"2024-09-30","IDA34770","EASTERN AND SOUTHERN AFRICA","UG","Uganda","Ministry of Finance, Planning & Eco. Dev","Repaying","0.75","XDR","P073089","UG-EMCBP SIL 2 (FY01)","13521702.35","53809.93","0","13467892.4214","5026966.82","9370041.62","0","9370041.62","0","0","0","9370041.62","2011-08-01","2041-02-01","2001-05-07","2001-03-20","2001-06-25","2011-11-30","2012-04-18"
"2024-09-30","IDA3477A","EASTERN AND SOUTHERN AFRICA","UG","Uganda","Ministry of Finance, Planning & Eco. Dev","Fully Repaid","0.75","XDR","P073089","UG-EMCBP SIL 2 (FY01)","8478297.65","0","0","9513317.06","9687028.13","0","0","0","0","0","0","0","2011-08-01","2041-02-01","2001-05-07","2001-03-20","2001-06-25","2006-12-31",""
"2024-09-30","IDA34890","EASTERN AND SOUTHERN AFRICA","UG","Uganda","Ministry of Finance, Planning & Eco. Dev","Repaying","0.75","XDR","P070627","Regional Trade Fac. - Uganda","14686715.29","0","0","14686715.29","5134227.24","10497019.88","0","10497019.88","0","0","0","10497019.88","2011-09-15","2041-03-15","2001-08-06","2001-04-03","2002-02-07","2013-06-30","2012-01-24"
"2024-09-30","IDA3489A","EASTERN AND SOUTHERN AFRICA","UG","Uganda","Ministry of Finance, Planning & Eco. Dev","Fully Repaid","0.75","XDR","P070627","Regional Trade Fac. - Uganda","5313284.71","0","0","5894953.9","6053036.07","0","0","0","0","0","0","0","2011-09-15","2041-03-15","2001-08-06","2001-04-03","2002-02-07","2011-06-30",""
"2024-09-30","IDA35100","EASTERN AND SOUTHERN AFRICA","UG","Uganda","Ministry of Finance, Planning & Eco. Dev","Fully Repaid","0.75","XDR","P050438","UG-PRSC 1 (FY01)","150000000","0","0","147659988","170810514","0","0","0","0","0","0","0","2011-10-15","2041-04-15","2001-07-05","2001-05-31","2001-11-29","2002-03-31","2001-12-19"
"2024-09-30","IDA35440","EASTERN AND SOUTHERN AFRICA","UG","Uganda","Ministry of Finance, Planning & Eco. Dev","Repaying","0.75","XDR","P065436","UG-Road Dev Phase 2 APL (FY02)","61468921.52","9528.58","-0.01","61459392.9427","21870585.48","44714803.63","0","44714803.63","0","0","0","44714803.62","2011-09-15","2041-03-15","2001-08-16","2001-07-03","2002-04-11","2008-06-30","2008-12-01"
"2024-09-30","IDA3544A","EASTERN AND SOUTHERN AFRICA","UG","Uganda","Ministry of Finance, Planning & Eco. Dev","Fully Repaid","0.75","XDR","P065436","UG-Road Dev Phase 2 APL (FY02)","3051078.48","0","0","3445818.71","3538223.6","0","0","0","0","0","0","0","2011-09-15","2041-03-15","2001-08-16","2001-07-03","2002-04-11","2006-06-30",""
"2024-09-30","IDA35450","EASTERN AND SOUTHERN AFRICA","UG","Uganda","Ministry of Finance, Planning & Eco. Dev","Repaying","0.75","XDR","P002984","UG-Power SIL 4  (FY02)","51795445.57","80763.83","0","51714681.735","18006325.8","36927549.78","0","36927549.78","0","0","0","36927549.78","2011-10-15","2041-04-15","2001-08-29","2001-07-03","2002-04-04","2008-03-31","2008-10-07"
"2024-09-30","IDA3545A","EASTERN AND SOUTHERN AFRICA","UG","Uganda","Ministry of Finance, Planning & Eco. Dev","Fully Repaid","0.75","XDR","P002984","UG-Power SIL 4  (FY02)","10204554.43","0","0","11408665.51","11613204.28","0","0","0","0","0","0","0","2011-10-15","2041-04-15","2001-08-29","2001-07-03","2002-04-04","2006-12-31",""
"2024-09-30","IDA35880","EASTERN AND SOUTHERN AFRICA","UG","Uganda","Ministry of Finance, Planning & Eco. Dev","Repaying","0.75","XDR","P069996","UG-Energy for Rural Transform (FY02)","47810042.95","1355354.01","0","46454688.9408","15199025.61","34370118.21","0","34370118.21","0","0","0","34370118.21","2012-04-15","2041-10-15","2001-12-20","2001-12-13","2002-07-30","2009-02-28","2009-10-29"
"2024-09-30","IDA3588A","EASTERN AND SOUTHERN AFRICA","UG","Uganda","Ministry of Finance, Planning & Eco. Dev","Fully Repaid","0.75","XDR","P069996","UG-Energy for Rural Transform (FY02)","1339957.05","0","0","1507847.37","1534880.61","0","0","0","0","0","0","0","2012-04-15","2041-10-15","2001-12-20","2001-12-13","2002-07-30","2008-08-31",""
"2024-09-30","IDA36240","EASTERN AND SOUTHERN AFRICA","UG","Uganda","Ministry of Finance, Planning & Eco. Dev","Repaying","0.75","XDR","P074078","UG-Makerere Pil Decentr Srvc Del (FY02)","3819850.39","0","0","3819850.39","1283068.16","2901433.13","0","2901433.13","0","0","0","2901433.13","2012-04-01","2041-10-01","2002-04-10","2002-03-26","2002-09-26","2006-12-31","2007-05-31"
"2024-09-30","IDA3624A","EASTERN AND SOUTHERN AFRICA","UG","Uganda","Ministry of Finance, Planning & Eco. Dev","Fully Repaid","0.75","XDR","P074078","UG-Makerere Pil Decentr Srvc Del (FY02)","1180149.61","0","0","1357483.61","1387827.62","0","0","0","0","0","0","0","2012-04-01","2041-10-01","2002-04-10","2002-03-26","2002-09-26","2006-12-31",""
"2024-09-30","IDA36900","EASTERN AND SOUTHERN AFRICA","UG","Uganda","Ministry of Finance, Planning & Eco. Dev","Repaying","0.75","XDR","P065437","UG-PAMSU SIL (FY03)","21463161.36","0","0","21463161.36","6740519.74","16846137.21","0","16846137.21","0","0","0","16846137.21","2012-10-15","2042-04-15","2002-09-16","2002-07-09","2002-12-04","2011-03-31","2011-03-29"
"2024-09-30","IDA3690A","EASTERN AND SOUTHERN AFRICA","UG","Uganda","Ministry of Finance, Planning & Eco. Dev","Fully Repaid","0.75","XDR","P065437","UG-PAMSU SIL (FY03)","5536838.64","0","0","6426123.83","6541333.75","0","0","0","0","0","0","0","2012-10-15","2042-04-15","2002-09-16","2002-07-09","2002-12-04","2007-12-31",""
"2024-09-30","IDA36960","EASTERN AND SOUTHERN AFRICA","UG","Uganda","Ministry of Finance, Planning & Eco. Dev","Fully Repaid","0.75","XDR","P073671","UG-PRSC II","150000000","0","0","169395226.27","176690394","0","0","0","0","0","0","0","2012-12-15","2042-06-15","2002-08-07","2002-07-23","2003-03-12","2003-06-30","2003-06-23"
"2024-09-30","IDA36970","EASTERN AND SOUTHERN AFRICA","UG","Uganda","Ministry of Finance, Planning & Eco. Dev","Repaying","0.75","XDR","P002952","UG-N Uganda Soc Action Fund (FY03)","95373978.05","508644.76","0","94865333.2935","29683016.79","74204241.2","0","74204241.2","0","0","0","74204241.2","2012-10-01","2042-04-01","2002-08-07","2002-07-23","2003-02-05","2009-03-31","2012-04-12"
"2024-09-30","IDA3697A","EASTERN AND SOUTHERN AFRICA","UG","Uganda","Ministry of Finance, Planning & Eco. Dev","Fully Repaid","0.75","XDR","P002952","UG-N Uganda Soc Action Fund (FY03)","4626021.95","0","0","5327797.94","5446890.9","0","0","0","0","0","0","0","2012-10-01","2042-04-01","2002-08-07","2002-07-23","2003-02-05","2008-03-31",""
"2024-09-30","IDA37730","EASTERN AND SOUTHERN AFRICA","UG","Uganda","Ministry of Finance, Planning & Eco. Dev","Repaying","0.75","XDR","P077477","UG-Loc Gov Dev 2 (FY03)","45379546.78","502.26","0","45379044.5184","11124886.01","34335484.28","0","34335484.28","0","0","0","34335484.28","2013-10-15","2043-04-15","2003-06-20","2003-05-29","2003-10-29","2007-12-31","2008-12-18"
"2024-09-30","IDA3773A","EASTERN AND SOUTHERN AFRICA","UG","Uganda","Ministry of Finance, Planning & Eco. Dev","Fully Repaid","0.75","XDR","P077477","UG-Loc Gov Dev 2 (FY03)","4620453.22","0","0","4897471.19","4985274.87","0","0","0","0","0","0","0","2013-10-15","2043-04-15","2003-06-20","2003-05-29","2003-10-29","2007-06-30",""
"2024-09-30","IDA38350","EASTERN AND SOUTHERN AFRICA","UG","Uganda","Ministry of Finance, Planning & Eco. Dev","Repaying","0.75","XDR","P079925","UG-Natl Re Dev TAL (FY04)","25000000","206374","0","27019329.65","5863696.15","18095270.23","0","18095270.23","0","0","0","18095270.23","2013-12-15","2043-06-15","2004-01-20","2003-12-09","2004-08-17","2011-12-31","2013-08-29"
"2024-09-30","IDA39750","EASTERN AND SOUTHERN AFRICA","UG","Uganda","Ministry of Finance, Planning & Eco. Dev","Repaying","0.75","XDR","P083809","UG-Priv Sec Competitiveness 2","70000000","21792210.31","0","50706510.28","9143170.62","35795040.23","0","35795040.23","0","0","0","35795040.23","2015-02-01","2044-08-01","2005-02-23","2004-09-02","2005-06-22","2013-02-28","2014-03-05"
"2024-09-30","IDA39760","EASTERN AND SOUTHERN AFRICA","UG","Uganda","Ministry of Finance, Planning & Eco. Dev","Repaying","0.75","XDR","P074079","UG-Road Dev APL 3 (FY05)","67600000","3769.76","0","72562771.84","12772554.24","49876412.4","0","49876412.4","0","0","0","49876412.4","2014-09-15","2044-03-15","2005-02-23","2004-09-02","2005-06-23","2011-10-31","2012-03-28"
"2024-09-30","IDA41420","EASTERN AND SOUTHERN AFRICA","UG","Uganda","Ministry of Finance, Planning & Eco. Dev","Repaying","0.75","XDR","P090881","UG- PRSC 5","22500000","0","0","22788100","3643557.95","17448792.26","0","17448792.26","0","0","0","17448792.26","2016-03-15","2045-09-15","2006-03-21","2006-01-17","2006-05-24","2006-11-30","2006-06-28"
"2024-09-30","IDA41470","EASTERN AND SOUTHERN AFRICA","UG","Uganda","Ministry of Finance, Planning & Eco. Dev","Repaying","0.75","XDR","P079734","E Afr Trade & Transp Facil (FY06)","26400000","779296.74","0","26544399.08","4396000.52","19638896.52","0","19638896.52","0","0","0","19638896.52","2016-02-15","2045-08-15","2006-04-07","2006-01-24","2007-04-02","2015-09-30","2016-04-19"
"2024-09-30","IDA41740","EASTERN AND SOUTHERN AFRICA","UG","Uganda","Ministry of Finance, Planning & Eco. Dev","Repaying","0.75","XDR","P086513","UG-Millennium Science Init (FY06)","30000000","1947.69","0","32156299.15","4621338.27","23809658.3","0","23809658.3","0","0","0","23809658.3","2016-09-15","2046-03-15","2006-08-11","2006-05-25","2007-03-02","2013-06-30","2013-12-27"
"2024-09-30","IDA41990","EASTERN AND SOUTHERN AFRICA","UG","Uganda","Ministry of Finance, Planning & Eco. Dev","Repaying","0.75","XDR","P050440","UG-Pub Serv Perform Enhance (FY06)","70000000","50641736.02","0","20662504.48","2978153.02","15343781.34","0","15343781.34","0","0","0","15343781.34","2016-09-15","2046-03-15","2006-12-18","2006-06-20","2008-11-19","2014-06-30","2014-12-30"
"2024-09-30","IDA42960","EASTERN AND SOUTHERN AFRICA","UG","Uganda","Ministry of Finance, Planning & Eco. Dev","Repaying","0.75","XDR","P090219","UG-PRSC 6 DPL (FY07)","125000000","0","0","126128695","17244193.37","96037777.85","0","96037777.85","0","0","0","96037777.85","2017-09-01","2047-03-01","2007-05-28","2007-04-26","2007-06-14","2008-11-30","2007-06-28"
"2024-09-30","IDA42970","EASTERN AND SOUTHERN AFRICA","UG","Uganda","Ministry of Finance, Planning & Eco. Dev","Repaying","0.75","XDR","P069208","UG - Power Sector Dev. Project (FY07)","300000000","100960.85","0","306411467.14","41295134.54","230390047.96","0","230390047.96","0","0","0","230390047.96","2017-06-15","2046-12-15","2007-05-28","2007-04-26","2007-06-28","2011-07-31","2012-03-13"
"2024-09-30","IDA43670","EASTERN AND SOUTHERN AFRICA","UG","Uganda","Ministry of Finance, Planning & Eco. Dev","Repaying","0.75","XDR","P078382","UG-Kampala Inst & Infrast Dev Prj (FY08)","33600000","6390.28","0","33770611.96","4243778.16","25657639.71","0","25657639.71","0","0","0","25657639.71","2018-02-15","2047-08-15","2008-02-20","2007-11-06","2008-11-19","2013-12-31","2014-06-12"
"2024-09-30","IDA43720","EASTERN AND SOUTHERN AFRICA","UG","Uganda","Ministry of Finance, Planning & Eco. Dev","Repaying","0.75","XDR","P090867","UG-Local Govt Mgt Svc Del  Pjt (FY08)","55000000","282583.84","0","53666110.83","6749486.29","40733022.32","0","40733022.32","0","0","0","40733022.32","2018-01-15","2047-07-15","2008-02-20","2007-12-18","2008-11-19","2012-12-31","2013-11-11"
"2024-09-30","IDA44310","EASTERN AND SOUTHERN AFRICA","UG","Uganda","Ministry of Finance, Planning & Eco. Dev","Repaying","0.75","XDR","P101231","UG-PRSC 7 (FY08)","200000000","0","0","194325000","22293525","147505237.5","0","147505237.5","0","0","0","147505237.5","2018-05-15","2047-11-15","2008-06-13","2008-05-06","2008-12-09","2009-11-30","2009-09-23"
"2024-09-30","IDA44820","EASTERN AND SOUTHERN AFRICA","UG","Uganda","Ministry of Finance, Planning & Eco. Dev","Repaying","0.75","XDR","P110207","UG-Program for Ctrl of Avian Influenza","10000000","1207165.58","0","8414396.23","898399.62","6506685.59","0","6506685.59","0","0","0","6506685.59","2018-09-15","2048-03-15","2008-10-10","2008-06-19","2009-12-03","2013-12-31","2014-07-03"
"2024-09-30","IDA45040","EASTERN AND SOUTHERN AFRICA","UG","Uganda","Ministry of Finance, Planning & Eco. Dev","Repaying","0.75","XDR","P073089","UG-EMCBP SIL 2 (FY01)","15000000","74182.5","0","14347354.33","1526692.79","11045634.37","0","11045634.37","0","0","0","11045634.37","2019-02-01","2048-08-01","2008-10-10","2008-09-04","2009-09-09","2012-11-30","2013-08-15"
"2024-09-30","IDA45170","EASTERN AND SOUTHERN AFRICA","UG","Uganda","Ministry of Finance, Planning & Eco. Dev","Repaying","0.75","XDR","P079925","UG-Natl Re Dev TAL (FY04)","5000000","775554.31","0","4075102.64","431048.68","3126239.72","0","3126239.72","0","0","0","3126239.72","2018-12-15","2048-06-15","2008-10-10","2008-09-23","2009-12-07","2011-12-31","2012-04-27"
"2024-09-30","IDA45310","EASTERN AND SOUTHERN AFRICA","UG","Uganda","Ministry of Finance, Planning & Eco. Dev","Repaying","0.75","XDR","P100406","Lake Victoria Phase II APL 1 (FY09)","27500000","216715.17","0","25414530.26","2619636.28","21078748.1","0","21078748.1","0","0","0","21078748.1","2019-04-15","2048-10-15","2009-10-29","2009-03-03","2010-01-25","2017-12-31","2018-06-28"
"2024-09-30","IDA45540","EASTERN AND SOUTHERN AFRICA","UG","Uganda","Ministry of Finance, Planning & Eco. Dev","Repaying","0.75","XDR","P112334","UG-Energy for Rural Transformation APL2","75000000","3920873.95","0","71405753.73","6420004.22","57264496.63","0","57264496.63","0","0","0","57264496.63","2019-09-15","2049-03-15","2009-08-27","2009-04-06","2009-11-25","2016-06-30","2017-01-09"
"2024-09-30","IDA45700","EASTERN AND SOUTHERN AFRICA","UG","Uganda","Ministry of Finance, Planning & Eco. Dev","Repaying","0.75","XDR","P110803","UG-Post Primary Educ & Trg APL-1 (FY09)","150000000","12253042.35","0","139255886.53","13696069.51","109747372.98","0","109747372.98","0","0","0","109747372.98","2019-08-15","2049-02-15","2009-08-27","2009-03-31","2009-11-04","2014-07-31","2015-04-16"
"2024-09-30","IDA46260","EASTERN AND SOUTHERN AFRICA","UG","Uganda","Ministry of Finance, Planning & Eco. Dev","Repaying","0.75","XDR","P111633","UG-SEC N-Uganda SAF (NUSAF2) (FY09)","100000000","0","0","103377306.3","9106800.14","81667037.7","0","81667037.7","0","0","0","81667037.7","2019-10-15","2049-04-15","2009-08-27","2009-05-28","2009-11-25","2016-02-29","2016-06-17"
"2024-09-30","IDA46720","EASTERN AND SOUTHERN AFRICA","UG","Uganda","Ministry of Finance, Planning & Eco. Dev","Repaying","0.75","XDR","P112688","Eastern Africa Agricultural Productivity","30000000","4085.15","0","28844929.59","2591741.06","23190768.61","0","23190768.61","0","0","0","23190768.61","2019-11-15","2049-05-15","2010-02-03","2009-11-12","2010-11-29","2015-12-31","2016-04-20"
"2024-09-30","IDA46790","EASTERN AND SOUTHERN AFRICA","UG","Uganda","Ministry of Finance, Planning & Eco. Dev","Repaying","0.75","XDR","P092837","UG-Transport Sector Development Project","190000000","20642208.1","0","159078449.71","13088437.65","132023850.72","0","132023850.72","0","0","0","132023850.72","2020-04-15","2049-10-15","2010-02-03","2009-12-10","2010-07-15","2016-01-31","2016-07-08"
"2024-09-30","IDA47330","EASTERN AND SOUTHERN AFRICA","UG","Uganda","Ministry of Finance, Planning & Eco. Dev","Repaying","0.75","XDR","P111556","East Afr Publ Hlth Laborat Net (FY10)","10100000","289725.59","0","9520784.59","789226.52","7912674.26","0","7912674.26","0","0","0","7912674.26","2020-06-15","2049-12-15","2010-08-12","2010-05-25","2011-01-31","2016-03-30","2016-11-04"
"2024-09-30","IDA47420","EASTERN AND SOUTHERN AFRICA","UG","Uganda","Ministry of Finance, Planning & Eco. Dev","Repaying","0.75","XDR","P115563","UG-Health Syst. Strength. Project (FY10)","130000000","381044.17","0","125295398.16","10519714.84","105469176.74","0","105469176.74","0","0","0","105469176.74","2020-06-15","2049-12-15","2010-08-12","2010-05-25","2011-02-10","2017-06-30","2018-03-01"
"2024-09-30","IDA47690","EASTERN AND SOUTHERN AFRICA","UG","Uganda","Ministry of Finance, Planning & Eco. Dev","Repaying","0.75","XDR","P109224","UG-ATAAS","120000000","2407.86","0","115179981.59","8641339.69","99202911.18","0","99202911.18","0","0","0","99202911.18","2020-10-15","2050-04-15","2011-07-19","2010-06-22","2011-12-20","2018-06-25","2018-11-01"
"2024-09-30","IDA48140","EASTERN AND SOUTHERN AFRICA","UG","Uganda","Ministry of Finance, Planning & Eco. Dev","Repaying","0.75","XDR","P101232","UG-PRSC 8","100000000","0","0","100916624","7209156.86","82234000.36","0","82234000.36","0","0","0","82234000.36","2021-02-01","2050-08-01","2010-11-24","2010-09-30","2010-11-25","2012-03-31","2010-11-29"
"2024-09-30","IDA49490","EASTERN AND SOUTHERN AFRICA","UG","Uganda","Ministry of Finance, Planning & Eco. Dev","Fully Cancelled","0.75","XDR","P092837","UG-Transport Sector Development Project","75000000","75000000","0","0","0","0","0","0","0","0","0","0","2021-10-15","2051-04-15","2012-06-05","2011-06-16","2012-10-22","2016-01-31",""
"2024-09-30","IDA49880","EASTERN AND SOUTHERN AFRICA","UG","Uganda","Ministry of Finance, Planning & Eco. Dev","Repaying","0.75","XDR","P119737","UG-Electricity Sector Development Proj","120000000","50694086.43","0","60555064.28","3435870.32","54564889.93","0","54564889.93","0","0","0","54564889.93","2021-10-15","2051-04-15","2011-09-02","2011-06-30","2012-10-23","2019-01-31","2019-08-08"
"2024-09-30","IDA49890","EASTERN AND SOUTHERN AFRICA","UG","Uganda","Ministry of Finance, Planning & Eco. Dev","Repaying","0.75","XDR","P117979","UG-Financial Sector DPL (1 of 2)","50000000","0","0","48661011","2488720.69","39397123.02","0","39397123.02","0","0","0","39397123.02","2021-12-15","2051-06-15","2011-08-11","2011-06-30","2011-10-13","2012-06-30","2011-11-07"
"2024-09-30","IDA50610","EASTERN AND SOUTHERN AFRICA","UG","Uganda","Ministry of Finance, Planning & Eco. Dev","Repaying","0.75","XDR","P097325","UG PRSC-9","100000000","0","0","98671072","4346285.02","84013557.8","0","84013557.8","0","0","0","84013557.8","2022-07-15","2052-01-15","2012-05-14","2012-02-28","2012-09-19","2013-06-30","2013-06-20"
"2024-09-30","IDA51270","EASTERN AND SOUTHERN AFRICA","UG","Uganda","Ministry of Finance, Planning & Eco. Dev","Repaying","0.75","XDR","P123204","UG-Water Mgmt & Dev. Project","135000000","1318703.98","0","121598761.79","5736873.64","111136525.36","0","111136525.36","0","0","0","111136525.36","2022-08-15","2052-02-15","2013-05-22","2012-06-26","2013-08-12","2018-12-31","2019-06-05"
"2024-09-30","IDA52230","EASTERN AND SOUTHERN AFRICA","UG","Uganda","Ministry of Finance, Planning & Eco. Dev","Disbursing&Repaying","0.75","XDR","P117876","UG-Support to Municipal Infra Dev","150000000","0","16133.79","138140862.88","3898329.16","128130991.07","0","128130991.07","0","0","0","128147124.86","2023-07-15","2053-01-15","2013-05-22","2013-03-28","2013-09-04","2024-06-30","2018-06-05"
"2024-09-30","IDA52340","EASTERN AND SOUTHERN AFRICA","UG","Uganda","Ministry of Finance, Planning & Eco. Dev","Repaying","0.75","XDR","P112334","UG-Energy for Rural Transformation APL2","12000000","744255.66","0","10661493.91","304086.76","9996038.12","0","9996038.12","0","0","0","9996038.12","2023-07-15","2053-01-15","2014-04-09","2013-05-22","2014-10-31","2016-06-30","2016-11-02"
"2024-09-30","IDA52690","EASTERN AND SOUTHERN AFRICA","UG","Uganda","Ministry of Finance, Planning & Eco. Dev","Repaying","0.75","XDR","P130471","UG-Competive. & Enterprise. Dev. Project","100000000","183.34","0","92639845.53","1734593.19","87862774.76","0","87862774.76","0","0","0","87862774.76","2023-10-15","2053-04-15","2014-01-31","2013-05-09","2014-06-06","2022-05-31","2022-10-06"
"2024-09-30","IDA53840","EASTERN AND SOUTHERN AFRICA","UG","Uganda","Ministry of Finance, Planning & Eco. Dev","Disbursing&Repaying","0.75","XDR","P133590","UG-KIIDP 2","175000000","0","0","157873048.55","1521954.09","152677076.31","0","152677076.31","0","0","0","152677076.31","2024-08-15","2054-02-15","2015-02-16","2014-03-20","2015-05-08","2023-05-31","2024-08-14"
"2024-09-30","IDA53850","EASTERN AND SOUTHERN AFRICA","UG","Uganda","Ministry of Finance, Planning & Eco. Dev","Repaying","0.75","XDR","P129408","Regional Pastoral Livelihoods Resilience","40000000","75811.63","0","36296802.1","348704.62","34980819.71","0","34980819.71","0","0","0","34980819.71","2024-08-15","2054-02-15","2015-07-10","2014-03-18","2015-11-03","2021-12-31","2023-06-05"
"2024-09-30","IDA54060","EASTERN AND SOUTHERN AFRICA","UG","Uganda","Ministry of Finance, Planning & Eco. Dev","Repaying","0.75","XDR","P145101","UG-Albertine Reg. Sustainable Dev. Proj","145000000","299766.91","0","132075880.74","1251991.87","126766860.57","0","126766860.57","0","0","0","126766860.57","2024-07-15","2054-01-15","2015-08-24","2014-03-26","2015-12-07","2022-12-31","2023-06-27"
"2024-09-30","IDA54340","EASTERN AND SOUTHERN AFRICA","UG","Uganda","Ministry of Finance, Planning & Eco. Dev","Disbursing&Repaying","0.75","XDR","P125590","Uganda NERAMP","243800000","0","51760398.28","161719479.14","2085552.32","159865874.6","0","159865874.6","0","0","0","211626272.88","2024-05-15","2053-11-15","2015-02-16","2014-04-30","2015-07-01","2024-10-31","2024-08-12"
"2024-09-30","IDA56110","EASTERN AND SOUTHERN AFRICA","UG","Uganda","Ministry of Finance, Planning & Eco. Dev","Disbursing&Repaying","0.75","XDR","P145037","UG-Agriculture Cluster Develop Project","150000000","0","337294.58","147595817.73","15748363.76","128195717.54","0","128195717.54","0","0","0","128533012.12","2021-08-15","2053-02-15","2016-09-26","2015-04-09","2017-01-23","2024-05-31","2024-08-27"
"2024-09-30","IDA56120","EASTERN AND SOUTHERN AFRICA","UG","Uganda","Ministry of Finance, Planning & Eco. Dev","Repaying","0.75","XDR","P145309","UG-Skills Development Project","100000000","1478883.8","0","97329298.03","10505056.15","84512152.25","0","84512152.25","0","0","0","84512152.25","2021-07-15","2053-01-15","2016-06-24","2015-04-22","2016-10-28","2022-12-31","2023-06-23"
"2024-09-30","IDA56150","EASTERN AND SOUTHERN AFRICA","UG","Uganda","Ministry of Finance, Planning & Eco. Dev","Repaying","0.75","XDR","P111556","East Afr Publ Hlth Laborat Net (FY10)","15000000","149198.03","0","14695930.08","1337403.79","13017507.96","0","13017507.96","0","0","0","13017507.96","2021-12-15","2053-06-15","2016-02-11","2015-07-07","2016-03-31","2021-03-30","2021-08-12"
"2024-09-30","IDA56350","EASTERN AND SOUTHERN AFRICA","UG","Uganda","Ministry of Finance, Planning & Eco. Dev","Repaying","0.75","XDR","P130871","RCIP 5 - Uganda","75000000","263990.09","0","75515231.69","8047375.84","65460885.59","0","65460885.59","0","0","0","65460885.59","2021-08-15","2053-02-15","2016-02-04","2015-05-22","2016-05-26","2022-08-31","2023-11-20"
"2024-09-30","IDA56450","EASTERN AND SOUTHERN AFRICA","UG","Uganda","Ministry of Finance, Planning & Eco. Dev","Repaying","0.75","XDR","P149965","UG-NUSAF3","130000000","0","0","131847169.92","13957431.41","113916006.05","0","113916006.05","0","0","0","113916006.05","2021-08-15","2053-02-15","2015-12-16","2015-05-27","2016-03-14","2021-06-30","2022-01-18"
"2024-09-30","IDA56530","EASTERN AND SOUTHERN AFRICA","UG","Uganda","Ministry of Finance, Planning & Eco. Dev","Repaying","0.75","XDR","P133312","Energy for Rural Transform III","135000000","854126.05","0","134721871.35","14482618.46","117424732.38","0","117424732.38","0","0","0","117424732.38","2021-07-01","2053-01-01","2015-12-16","2015-06-05","2016-03-31","2023-06-30","2024-09-23"
"2024-09-30","IDA57220","EASTERN AND SOUTHERN AFRICA","UG","Uganda","Ministry of Finance, Planning & Eco. Dev","Repaying","0.75","XDR","P151083","Great Lakes Region Trade Facilitation","14000000","92202.5","0","14111896.98","1272679.98","12326330.98","0","12326330.98","0","0","0","12326330.98","2022-01-15","2053-07-15","2017-03-23","2015-09-25","2017-04-17","2022-12-30","2023-07-05"
"2024-09-30","IDA57970","EASTERN AND SOUTHERN AFRICA","UG","Uganda","Ministry of Finance, Planning & Eco. Dev","Repaying","0.75","XDR","P151847","African Centers of Excellence East/South","24000000","1.8","0","23646899.89","1781093.57","21381899.71","0","21381899.71","0","0","0","21381899.71","2022-07-15","2054-01-15","2017-03-17","2016-05-26","2017-07-20","2023-12-31","2024-03-11"
"2024-09-30","IDA58080","EASTERN AND SOUTHERN AFRICA","UG","Uganda","Ministry of Finance, Planning & Eco. Dev","Disbursing&Repaying","0.75","XDR","P133305","UG-Grid Expansion & Reinforcement Proj","100000000","0","7259087.6","89359249.99","7379018.92","81519567.56","0","81519567.56","0","0","0","88778655.16","2022-08-15","2054-02-15","2017-03-17","2016-05-31","2017-07-17","2024-12-31","2024-08-27"
"2024-09-30","IDA58210","EASTERN AND SOUTHERN AFRICA","UG","Uganda","Ministry of Finance, Planning & Eco. Dev","Repaying","0.75","XDR","P152822","HOA: Support to FD Impacts","50000000","0","0","49591720.88","2944863.66","45141689.06","0","45141689.06","0","0","0","45141689.06","2022-11-15","2054-05-15","2017-06-15","2016-05-31","2017-06-29","2021-12-31","2021-05-20"
"2024-09-30","IDA58970","EASTERN AND SOUTHERN AFRICA","UG","Uganda","Ministry of Finance, Planning & Eco. Dev","Disbursing&Repaying","0.75","XDR","P155186","UG-Improving Delivery of Maternal Svcs","110000000","0","968.37","109208867.46","6561815","99819386.32","0","99819386.32","0","0","0","99820354.69","2023-02-01","2054-08-01","2017-01-19","2016-08-04","2017-05-26","2023-09-30","2024-09-04"
"2024-09-30","IDA61030","EASTERN AND SOUTHERN AFRICA","UG","Uganda","Ministry of Finance, Planning & Eco. Dev","Terminated","","XDR","P160447","Uganda - SRM-GBV","0","0","0","0","0","0","0","0","0","0","0","0","2023-08-01","2055-02-01","","2017-06-20","","2022-06-30",""
"2024-09-30","IDA61040","EASTERN AND SOUTHERN AFRICA","UG","Uganda","Ministry of Finance, Planning & Eco. Dev","Disbursing&Repaying","0.75","XDR","P160250","Uganda Intergov Fiscal Transfers Program","200000000","0","13485030.95","189342876.24","9114692.15","175133052.85","0","175133052.85","0","0","0","188618083.8","2023-08-01","2055-02-01","2019-04-26","2017-06-27","2019-05-29","2025-06-30","2024-04-19"
"2024-09-30","IDA62330","EASTERN AND SOUTHERN AFRICA","UG","Uganda","Ministry of Finance, Planning & Eco. Dev","Disbursing&Repaying","0.75","XDR","P117876","UG-Support to Municipal Infra Dev","335000000","0","1.6","320723838.46","4846041.7","309360444.13","0","309360444.13","0","0","0","309360445.73","2024-08-15","2056-02-15","2019-02-25","2018-05-15","2019-04-11","2024-06-30","2024-08-07"
"2024-09-30","IDA62760","EASTERN AND SOUTHERN AFRICA","UG","Uganda","Ministry of Finance, Planning & Eco. Dev","Disbursing&Repaying","0.75","XDR","P163782","IWMDP","251000000","0","86297658.21","148466263.86","3651786.29","146824196.88","0","146824196.88","0","0","0","233121855.09","2024-08-15","2056-02-15","2019-03-04","2018-06-14","2019-06-27","2024-12-02","2024-09-09"
"2024-09-30","IDA65380","EASTERN AND SOUTHERN AFRICA","UG","Uganda","Ministry of Finance, Planning & Eco. Dev","Disbursing","0.75","XDR","P130471","UG-Competive. & Enterprise. Dev. Project","99800000","0","11607968.95","85685676.89","0","87000130.05","0","87000130.05","0","0","0","98608099","2026-08-15","2058-02-15","2020-11-09","2020-03-02","2021-04-06","2024-11-30","2024-08-30"
"2024-09-30","IDA65650","EASTERN AND SOUTHERN AFRICA","UG","Uganda","Ministry of Finance, Planning & Eco. Dev","Disbursing","0.75","XDR","P163836","Irrigation for Climate Resilience","169200000","0","131108541.76","35336764.37","0","35589331.24","0","35589331.24","0","0","0","166697873","2026-08-15","2058-02-15","2020-10-29","2020-06-18","2020-12-17","2026-04-30","2024-09-05"
"2024-09-30","IDA65920","EASTERN AND SOUTHERN AFRICA","UG","Uganda","Ministry of Finance, Planning & Eco. Dev","Disbursing","0.75","XDR","P170466","UG Investing in Forests and PAs Project","78200000","0","56374325.61","20971491.91","0","20938764.39","0","20938764.39","0","0","0","77313090","2026-08-15","2058-02-15","2021-06-22","2020-04-23","2021-08-18","2026-06-30","2024-08-28"
"2024-09-30","IDA66540","EASTERN AND SOUTHERN AFRICA","UG","Uganda","Ministry of Finance, Planning & Eco. Dev","Terminated","","XDR","P173702","ELRP MPA","0","0","0","0","0","0","0","0","0","0","0","0","2026-11-01","2058-05-01","","2020-05-20","","2021-11-22",""
"2024-09-30","IDA67360","EASTERN AND SOUTHERN AFRICA","UG","Uganda","Ministry of Finance, Planning & Eco. Dev","Fully Disbursed","0.75","XDR","P173906","UG COVID-19 Economic Crisis & Recovery","300000000","0","0","304108911","0","296638119","0","296638119","0","0","0","296638119","2026-09-15","2058-03-15","2020-07-05","2020-06-29","2020-07-15","2021-06-30","2020-07-21"
"2024-09-30","IDA67540","EASTERN AND SOUTHERN AFRICA","UG","Uganda","Ministry of Finance, Planning & Eco. Dev","Disbursing","0.75","XDR","P166570","Uganda Secondary Education Expansion","90000000","0","79385778.42","9157664.63","0","9592093.58","0","9592093.58","0","0","0","88977872","2026-09-15","2058-03-15","2022-02-24","2020-07-23","2022-05-19","2025-12-31","2024-08-30"
"2024-09-30","IDA67620","EASTERN AND SOUTHERN AFRICA","UG","Uganda","Ministry of Finance, Planning & Eco. Dev","Disbursing","0.75","XDR","P174041","Uganda COVID-19 Response Project","12500000","0","2003573.6","10443024.29","0","10475030.4","0","10475030.4","0","0","0","12478604","2026-09-15","2058-03-15","2021-06-30","2020-07-15","2021-08-03","2024-12-31","2024-09-05"
"2024-09-30","IDA67730","EASTERN AND SOUTHERN AFRICA","UG","Uganda","Ministry of Finance, Planning & Eco. Dev","Disbursing","0.75","XDR","P160250","Uganda Intergov Fiscal Transfers Program","240000000","0","72145388.12","164890831.26","0","164541176.88","0","164541176.88","0","0","0","236686565","2027-02-15","2058-08-15","2021-06-10","2020-09-14","2021-10-06","2025-12-31","2024-09-19"
"2024-09-30","IDA68000","EASTERN AND SOUTHERN AFRICA","UG","Uganda","Ministry of Finance, Planning & Eco. Dev","Fully Disbursed","0.75","XDR","P155186","UG-Improving Delivery of Maternal Svcs","15000000","5001.76","0","13749607.01","0","14508319.58","0","14508319.58","0","0","0","14508319.58","2027-02-15","2058-08-15","2021-06-22","2020-12-02","2021-09-06","2023-09-30","2023-08-22"
"2024-09-30","IDA68980","EASTERN AND SOUTHERN AFRICA","UG","Uganda","Ministry of Finance, Planning & Eco. Dev","Disbursing","0.75","XDR","P171305","Uganda Digital Acceleration Project-GovN","140000000","0","102566226.11","31020058.3","0","31443129.89","0","31443129.89","0","0","0","134009356","2027-08-15","2059-02-15","2023-01-28","2021-06-02","2023-05-17","2026-05-30","2024-08-28"
"2024-09-30","IDA70250","EASTERN AND SOUTHERN AFRICA","UG","Uganda","Ministry of Finance, Planning & Eco. Dev","Effective","0.75","XDR","P171607","UG: INVITE","96000000","0","93046982","0","0","0","0","0","0","0","0","93046982","2028-02-15","2059-08-15","2023-06-16","2021-12-20","2023-11-13","2027-01-31",""
"2024-09-30","IDA70750","EASTERN AND SOUTHERN AFRICA","UG","Uganda","Ministry of Finance, Planning & Eco. Dev","Disbursing","0.75","XDR","P166685","UG-Electricity Access Scale-up Project","331500000","0","279337145.53","42351772.26","0","43072003.47","0","43072003.47","0","0","0","322409149","2028-05-15","2059-11-15","2023-02-20","2022-03-31","2023-07-20","2027-06-30","2024-08-12"
"2024-09-30","IDA71200","EASTERN AND SOUTHERN AFRICA","UG","Uganda","Ministry of Finance, Planning & Eco. Dev","Disbursing","0.75","XDR","P175660","GKMA Urban Development Program","518000000","0","465972365.01","41202630.83","0","42395110.99","0","42395110.99","0","0","0","508367476","2028-07-01","2060-01-01","2023-11-17","2022-05-31","2023-12-28","2027-12-31","2024-06-25"
"2024-09-30","IDA72610","EASTERN AND SOUTHERN AFRICA","UG","Uganda","Ministry of Finance, Planning & Eco. Dev","Effective","0","USD","P173296","Uganda CSAT Project","325000000","0","325000000","0","0","0","0","0","0","0","0","325000000","2033-05-01","2072-11-01","2024-02-27","2022-12-22","2024-06-25","2028-12-31",""
"2024-09-30","IDAA0340","EASTERN AND SOUTHERN AFRICA","UG","Uganda","Ministry of Finance, Planning & Eco. Dev","Fully Repaid","0.75","XDR","P002939","ECONOMIC RECOVERY CR.","24000000","0","0","24844056.12","27477631.52","0","0","0","0","0","0","0","1997-11-15","2037-05-15","1987-09-30","1987-09-15","1987-10-13","1991-06-30","1991-09-24"
"2024-09-30","IDAA0341","EASTERN AND SOUTHERN AFRICA","UG","Uganda","Ministry of Finance, Planning & Eco. Dev","Fully Repaid","0.75","XDR","P002939","ECONOMIC RECOVERY CR.","12800000","0","0","13181517.26","14615761.47","0","0","0","0","0","0","0","1997-11-15","2037-05-15","1989-12-18","1989-12-18","1990-01-03","1992-06-30","1992-01-31"
"2024-09-30","IDAN0230","EASTERN AND SOUTHERN AFRICA","UG","Uganda","Ministry of Finance, Planning & Eco. Dev","Fully Repaid","0.75","XDR","P002987","SAC III","125000000","573760.52","0","119720842.4","132275333.34","0","0","0","0","0","0","0","2007-08-01","2037-02-01","1997-07-10","1997-06-06","1997-09-04","2001-12-31","2001-12-19"
"2024-09-30","IDAN0231","EASTERN AND SOUTHERN AFRICA","UG","Uganda","Ministry of Finance, Planning & Eco. Dev","Fully Repaid","0.75","XDR","P002987","SAC III","25400000","0","0","24686788","28811412","0","0","0","0","0","0","0","2007-08-01","2037-02-01","2001-01-17","2000-12-22","2001-04-25","2001-06-30","2001-05-24"